update,steps,avg_return,win_rate,value_loss,entropy
1,2048,-0.516224205493927,1.0,0.0037279073148965836,4.07318639755249
2,4096,-0.49653851985931396,0.75,0.003592914901673794,4.0906572341918945
3,6144,-0.4862533509731293,0.6333333333333333,0.00371847627684474,4.08537483215332
4,8192,-0.4879188537597656,0.675,0.006261732429265976,4.080045700073242
5,10240,-0.44403764605522156,0.7,0.00561981275677681,4.076862812042236
6,12288,-0.43831583857536316,0.7,0.004563936032354832,4.0931806564331055
7,14336,-0.42588910460472107,0.7333333333333334,0.006086033768951893,4.104355812072754
8,16384,-0.4051169753074646,0.8133333333333332,0.004713074304163456,4.09373140335083
9,18432,-0.42349737882614136,0.8247619047619047,0.005025739781558514,4.101734638214111
10,20480,-0.39072516560554504,0.8647619047619047,0.005792560521513224,4.109070777893066
11,22528,-0.3754151463508606,0.8314285714285715,0.005637582391500473,4.110733985900879
12,24576,-0.34251779317855835,0.8980952380952381,0.007769718300551176,4.119532585144043
13,26624,-0.3299063444137573,0.9047619047619048,0.004032439552247524,4.113570213317871
14,28672,-0.3485518991947174,0.9333333333333333,0.005301302298903465,4.12252950668335
15,30720,-0.3383495509624481,0.8476190476190476,0.004844830371439457,4.11436653137207
16,32768,-0.32708466053009033,0.880952380952381,0.005495585035532713,4.11713981628418
17,34816,-0.33001023530960083,0.880952380952381,0.004457094706594944,4.117481708526611
18,36864,-0.32641005516052246,0.9142857142857143,0.007714240811765194,4.114840030670166
19,38912,-0.32191601395606995,0.9142857142857143,0.11218183487653732,4.11362361907959
20,40960,-0.31818774342536926,1.0,0.10914847254753113,4.10915470123291
21,43008,-0.31648018956184387,0.9777777777777779,0.006202217191457748,4.118183135986328
22,45056,-0.3293526768684387,0.9444444444444444,0.00626716110855341,4.124768257141113
23,47104,-0.34663882851600647,0.8444444444444444,0.10828744620084763,4.129576683044434
24,49152,-0.35073643922805786,0.8444444444444444,0.11001250892877579,4.123141288757324
25,51200,-0.34691691398620605,0.8158730158730159,0.004884744994342327,4.127518177032471
26,53248,-0.3528995215892792,0.780952380952381,0.004552054684609175,4.125284194946289
27,55296,-0.34183573722839355,0.8142857142857143,0.007143204100430012,4.119370460510254
28,57344,-0.336457759141922,0.8892857142857142,0.10621527582406998,4.123342514038086
29,59392,-0.3343076705932617,0.8892857142857142,0.006256788037717342,4.121646881103516
30,61440,-0.3450896441936493,0.9178571428571429,0.005472877062857151,4.114683151245117
31,63488,-0.3428705930709839,0.95,0.10990547388792038,4.117023944854736
32,65536,-0.3462505042552948,0.9214285714285714,0.005811113864183426,4.112085342407227
33,67584,-0.33975595235824585,0.9464285714285714,0.007404284551739693,4.101794242858887
34,69632,-0.34389662742614746,0.9130952380952382,0.006299195811152458,4.100032329559326
35,71680,-0.3364012837409973,0.9130952380952382,0.10050497949123383,4.095062732696533
36,73728,-0.3316248953342438,0.9380952380952381,0.004011720418930054,4.086174011230469
37,75776,-0.31830406188964844,0.9666666666666666,0.008425126783549786,4.083042144775391
38,77824,-0.3182868957519531,0.9666666666666666,0.006151214241981506,4.072957515716553
39,79872,-0.30872297286987305,1.0,0.007884213700890541,4.0710649490356445
40,81920,-0.3035469055175781,0.9666666666666666,0.00492026237770915,4.067035675048828
41,83968,-0.29911231994628906,0.9666666666666666,0.00629708357155323,4.074305534362793
42,86016,-0.28505998849868774,0.9416666666666667,0.00776596087962389,4.082507133483887
43,88064,-0.29650580883026123,0.8916666666666666,0.0057161785662174225,4.0703911781311035
44,90112,-0.2951367497444153,0.8916666666666666,0.006636559497565031,4.075547218322754
45,92160,-0.28315696120262146,0.9027777777777779,0.10476697981357574,4.076299667358398
46,94208,-0.2586592435836792,0.9027777777777779,0.006638297811150551,4.079102039337158
47,96256,-0.282916784286499,0.9277777777777778,0.005267440341413021,4.081288814544678
48,98304,-0.28467968106269836,0.9555555555555555,0.007998226210474968,4.077955722808838
49,100352,-0.30412933230400085,0.9055555555555556,0.11155238002538681,4.069551467895508
50,2048,-0.2714821696281433,0.8333333333333334,0.007399201858788729,4.069763660430908
51,4096,-0.26025140285491943,0.7803030303030303,0.010253578424453735,4.070584297180176
52,6144,-0.2516491115093231,0.8202020202020203,0.008860371075570583,4.075015068054199
53,8192,-0.23544670641422272,0.845920745920746,0.10607174783945084,4.070788383483887
54,10240,-0.22982153296470642,0.8767365967365969,0.007753358688205481,4.070446014404297
55,12288,-0.23541444540023804,0.7272727272727273,0.007844224572181702,4.0673828125
56,14336,-0.2556542158126831,0.6818181818181819,0.006298551335930824,4.063641548156738
57,16384,-0.24614670872688293,0.787878787878788,0.008164042606949806,4.047821521759033
58,18432,-0.23347881436347961,0.8409090909090909,0.007083069067448378,4.058047294616699
59,20480,-0.2334601879119873,0.8545454545454545,0.00783760566264391,4.053222179412842
60,22528,-0.23576000332832336,0.9,0.00893918052315712,4.053683757781982
61,24576,-0.22214262187480927,0.9083333333333333,0.11876734346151352,4.062863826751709
62,26624,-0.2081071436405182,0.9111111111111111,0.005773422308266163,4.061784267425537
63,28672,-0.19485105574131012,0.9333333333333333,0.00878370925784111,4.046388626098633
64,30720,-0.18778647482395172,0.9266666666666665,0.007198999635875225,4.020425796508789
65,32768,-0.1913057416677475,1.0,0.009718790650367737,3.995920181274414
66,34816,-0.17866551876068115,0.9666666666666667,0.11578318476676941,3.955665349960327
67,36864,-0.18224585056304932,0.9777777777777779,0.012449044734239578,3.8787755966186523
68,38912,-0.16905167698860168,0.9833333333333334,0.008504937402904034,3.823914051055908
69,40960,-0.1675245612859726,0.9580952380952381,0.012336394749581814,3.8197181224823
70,43008,-0.16825930774211884,0.7142857142857143,0.013923157006502151,3.789058208465576
71,45056,-0.17049174010753632,0.8238095238095238,0.00641271797940135,3.7647995948791504
72,47104,-0.18561850488185883,0.7992063492063491,0.010450022295117378,3.7219550609588623
73,49152,-0.18174460530281067,0.8301739926739927,0.007582500576972961,3.7098441123962402
74,51200,-0.16268739104270935,0.8516391941391941,0.01400882937014103,3.7173867225646973
75,53248,-0.15856607258319855,0.9166666666666666,0.00950082577764988,3.705286979675293
76,55296,-0.16486035287380219,0.8583333333333334,0.010108551010489464,3.7492661476135254
77,57344,-0.1765034794807434,0.8817460317460317,0.01583697833120823,3.7262587547302246
78,59392,-0.17530536651611328,0.8904761904761904,0.1178765669465065,3.733633518218994
79,61440,-0.1851051151752472,0.8695238095238095,0.10812066495418549,3.708218574523926
80,63488,-0.18554551899433136,0.7692307692307693,0.00854291208088398,3.679121971130371
81,65536,-0.18384459614753723,0.8179487179487179,0.010466726496815681,3.6604461669921875
82,67584,-0.18422196805477142,0.8786324786324786,0.013338029384613037,3.69415283203125
83,69632,-0.20104999840259552,0.8375457875457876,0.00956428050994873,3.711336135864258
84,71680,-0.17669226229190826,0.8433699633699634,0.012198345735669136,3.643476963043213
85,73728,-0.16472303867340088,0.8666666666666667,0.010820342227816582,3.621453046798706
86,75776,-0.1650947481393814,0.9333333333333333,0.1086338460445404,3.61824369430542
87,77824,-0.14956499636173248,0.9555555555555556,0.010661233216524124,3.6318278312683105
88,79872,-0.16189752519130707,0.9282051282051282,0.01195837464183569,3.620173692703247
89,81920,-0.14438414573669434,0.9158974358974359,0.008525542914867401,3.619813919067383
90,83968,-0.1481647789478302,0.8571428571428571,0.009514855220913887,3.591722011566162
91,86016,-0.16847631335258484,0.7857142857142857,0.11910466849803925,3.550851345062256
92,88064,-0.15932826697826385,0.8126984126984128,0.014697912149131298,3.589226245880127
93,90112,-0.16123923659324646,0.7928571428571428,0.010628797113895416,3.6262569427490234
94,92160,-0.18625077605247498,0.7676190476190475,0.012088694609701633,3.6239686012268066
95,94208,-0.18294571340084076,0.7857142857142857,0.11090950667858124,3.6113429069519043
96,96256,-0.17377957701683044,0.8214285714285714,0.11811928451061249,3.6063201427459717
97,98304,-0.18063804507255554,0.8531746031746031,0.11172373592853546,3.622142791748047
98,100352,-0.18549975752830505,0.856547619047619,0.012246303260326385,3.639545202255249
99,102400,-0.17871502041816711,0.8852380952380953,0.014692437835037708,3.615856647491455
100,104448,-0.18148145079612732,0.7857142857142857,0.010684413835406303,3.584535598754883
101,106496,-0.18224340677261353,0.7928571428571429,0.013035882264375687,3.594545841217041
102,108544,-0.16870765388011932,0.8202380952380953,0.01283850148320198,3.6194229125976562
103,110592,-0.17464283108711243,0.8318452380952381,0.01017051376402378,3.644056797027588
104,112640,-0.1838170439004898,0.8369047619047618,0.013408013619482517,3.6444790363311768
105,114688,-0.17941467463970184,0.8666666666666667,0.011892289854586124,3.6468687057495117
106,116736,-0.1793230175971985,0.8395833333333333,0.009815898723900318,3.6523633003234863
107,118784,-0.18506363034248352,0.8652777777777777,0.11727609485387802,3.6452231407165527
108,120832,-0.19923272728919983,0.8364583333333333,0.012682725675404072,3.715503692626953
109,122880,-0.1843094527721405,0.8558333333333333,0.014673004858195782,3.687626361846924
110,124928,-0.17601090669631958,0.9285714285714286,0.010606114752590656,3.6648616790771484
111,126976,-0.18123304843902588,0.848901098901099,0.010870981961488724,3.667816162109375
112,129024,-0.18490073084831238,0.8736263736263736,0.011664243414998055,3.6634767055511475
113,131072,-0.1605888158082962,0.9052197802197802,0.009645157493650913,3.698805809020996
114,133120,-0.16324709355831146,0.9098901098901099,0.013669552281498909,3.682981491088867
115,135168,-0.18325090408325195,0.7857142857142857,0.008153988048434258,3.659329652786255
116,137216,-0.1884932518005371,0.8159340659340659,0.009542996995151043,3.6992545127868652
117,139264,-0.1992505043745041,0.8328449328449329,0.11106174439191818,3.6811516284942627
118,141312,-0.19823049008846283,0.8389194139194139,0.012169529683887959,3.6774725914001465
119,143360,-0.17423906922340393,0.8311355311355312,0.010950002819299698,3.706735134124756
120,145408,-0.17571339011192322,0.8666666666666667,0.011370941996574402,3.6702280044555664
