update,steps,avg_return,win_rate,value_loss
71,2048,-27.310720443725586,1.0,0.6224740743637085
72,4096,-22.30048370361328,0.8333333333333333,1.6458842754364014
73,6144,-18.91152572631836,0.6222222222222221,1.3259491920471191
74,8192,-15.998466491699219,0.5916666666666666,0.29227134585380554
75,10240,-13.389949798583984,0.4733333333333333,0.11486130952835083
76,12288,-10.977624893188477,0.42333333333333334,0.271849662065506
77,14336,-9.009899139404297,0.29,0.12428790330886841
78,16384,-7.398595333099365,0.29,0.1555185765028
79,18432,-6.042642116546631,0.29,0.061474937945604324
71,2048,-27.112232208251953,0.5,2.812582015991211
72,4096,-22.279438018798828,0.75,1.4554755687713623
73,6144,-18.745952606201172,0.6904761904761904,1.3832247257232666
74,8192,-15.763246536254883,0.5803571428571428,0.3416316509246826
75,10240,-12.997962951660156,0.5842857142857143,0.4305877089500427
76,12288,-10.77149486541748,0.48428571428571426,0.03891170769929886
77,14336,-8.805015563964844,0.33428571428571424,0.1628398299217224
78,16384,-7.326562881469727,0.27,0.12658508121967316
79,18432,-5.966438293457031,0.35333333333333333,0.11906816065311432
80,20480,-5.054170608520508,0.3133333333333333,0.07398346066474915
81,2048,-4.280526161193848,0.5,0.04763556644320488
82,4096,-3.5183160305023193,0.3333333333333333,0.05817030370235443
83,6144,-2.987410068511963,0.47222222222222215,0.05306117609143257
84,8192,-2.54524564743042,0.5416666666666666,0.0402379184961319
85,10240,-2.214343547821045,0.6333333333333333,0.030756419524550438
86,12288,-1.875369906425476,0.8,0.01380566880106926
87,14336,-1.5822526216506958,0.9,0.025458132848143578
88,16384,-1.2993183135986328,0.8380952380952381,0.012682100757956505
89,18432,-1.1013506650924683,0.8369047619047619,0.025469504296779633
90,20480,-0.9492231607437134,0.7838095238095238,0.037763264030218124
91,2048,-0.8406240940093994,0.25,0.00845765694975853
92,4096,-0.6916511058807373,0.25,0.0006992419948801398
93,6144,-0.5749590396881104,0.25,0.0008116639219224453
94,8192,-0.4690060615539551,0.625,0.0008763106307014823
95,10240,-0.3974461555480957,0.4166666666666667,0.000700994161888957
96,12288,-0.3355741798877716,0.3125,0.0002303825312992558
97,14336,-0.28541839122772217,0.45,0.00019355377298779786
98,16384,-0.24175073206424713,0.45,0.00013724139716941863
99,18432,-0.19684787094593048,0.45,0.0002270536351716146
100,20480,-0.17839454114437103,0.45,0.00019303863518871367
101,22528,-0.15231862664222717,0.45,0.00038180407136678696
102,24576,-0.14197789132595062,0.6,0.012157365679740906
103,26624,-0.12328343093395233,0.6,0.001225640531629324
104,28672,-0.1306324601173401,0.6,0.00048579665599390864
105,30720,-0.11620359122753143,0.5,0.00011495771468617022
106,32768,-0.0793938934803009,0.5,0.00028111733263358474
107,34816,-0.07117035984992981,0.5,0.00014054961502552032
108,36864,-0.06563931703567505,0.5,0.0001122497851611115
109,38912,-0.055675335228443146,0.5,8.17707332316786e-05
110,40960,-0.03288481757044792,0.5,0.00010908916010521352
111,43008,-0.02306349016726017,0.5,0.0002595879486761987
112,45056,0.004735213238745928,0.5,0.0010473730508238077
113,47104,-0.020597299560904503,0.5,0.00022155701299197972
114,49152,-0.01852301135659218,0.5,0.0003471040981821716
115,51200,-0.02044256031513214,0.7,0.00024458838743157685
116,53248,-0.01721278578042984,0.0,0.00023191636137198657
117,55296,0.004966149106621742,0.0,0.00028470309916883707
118,57344,-0.004755954258143902,0.0,0.0003692719037644565
119,59392,-0.002460345160216093,0.0,0.0003383068251423538
120,61440,0.01149248331785202,0.0,0.0009680753573775291
121,63488,0.021619761362671852,0.0,0.0003750949981622398
122,65536,0.03006901778280735,0.0,0.0001665772288106382
123,67584,0.03924005851149559,0.0,0.00021972786635160446
124,69632,0.017031239345669746,0.0,0.0007656425004824996
125,71680,-0.01271058525890112,0.0,0.00010297436529072002
126,73728,-0.00462879054248333,0.0,0.00019568693824112415
127,75776,0.0010623633861541748,0.0,0.00015646370593458414
128,77824,0.0019348894711583853,0.0,0.00014831079170107841
129,79872,-0.008050939068198204,0.0,0.00013111685984767973
130,81920,-0.01608264446258545,0.0,0.0005130195058882236
131,83968,-0.024471532553434372,0.0,9.418653644388542e-05
132,86016,-0.014913294464349747,0.0,0.00016937660984694958
133,88064,-0.022025831043720245,0.0,0.00034531595883890986
134,90112,-0.021507302299141884,0.0,0.0010635508224368095
135,92160,0.0188334658741951,0.0,0.00036173732951283455
136,94208,0.005239780060946941,0.0,0.00022652759798802435
137,96256,0.0037962545175105333,0.0,0.00024188887618947774
138,98304,0.008658764883875847,0.0,0.00020343420328572392
139,100352,0.011487701907753944,0.0,0.00016356291598640382
140,102400,0.02177589200437069,0.0,0.000126776285469532
141,104448,0.01312125101685524,0.0,0.00031869462691247463
142,106496,-0.006124699488282204,0.0,0.00010820283932844177
143,108544,-0.002918356331065297,0.0,0.00012720358790829778
144,110592,-0.017175039276480675,0.0,0.0001523273385828361
145,112640,-0.009243475273251534,0.0,0.0005316584138199687
146,114688,-0.0048642028123140335,0.0,0.0002358705532969907
147,116736,0.003106778021901846,0.0,0.0005896313232369721
148,118784,0.023186106234788895,0.0,0.0001322629686910659
149,120832,0.026595979928970337,0.0,0.00021773688786197454
150,122880,0.0245513878762722,0.0,0.0002240281319245696
151,124928,0.022673802450299263,0.0,0.0002531758800614625
152,126976,0.04115854948759079,0.0,0.00014575946261174977
153,129024,0.03649057075381279,0.0,0.0006444808677770197
154,131072,0.04858523607254028,0.0,0.00012066501949448138
155,133120,0.041806094348430634,0.0,0.0001281267323065549
156,135168,0.029389573261141777,0.0,0.00020499140373431146
157,137216,0.03627950698137283,0.0,0.0001704762107692659
158,139264,0.02094842866063118,0.0,0.00015571486437693238
159,141312,0.020735984668135643,0.0,0.00012325051648076624
160,143360,0.02295222133398056,0.0,0.00019661652913782746
161,145408,0.01947040855884552,0.0,0.00021672436560038477
162,147456,0.016488470137119293,0.0,0.00029752732370980084
163,149504,0.019531499594449997,0.0,0.00022042408818379045
164,151552,0.021827198565006256,0.0,0.0002382448874413967
165,153600,0.025326408445835114,0.0,0.0006521742325276136
166,155648,0.020081212744116783,0.0,0.0002525652525946498
167,157696,0.03380411118268967,0.0,0.00027383374981582165
168,159744,0.03869309276342392,0.0,0.0002916695666499436
169,161792,0.033806752413511276,0.0,0.0003005251055583358
170,163840,0.04388047382235527,0.0,0.00025582878151908517
171,165888,0.05176684260368347,0.0,0.0002369750291109085
172,167936,0.0338614322245121,0.0,0.0006014722166582942
173,169984,0.010961541905999184,0.0,0.00042729778215289116
174,172032,0.022445663809776306,0.0,0.0003175546007696539
175,174080,0.034006956964731216,0.0,0.00017347733955830336
176,176128,0.03913057595491409,0.0,0.0002819456858560443
177,178176,0.03168761730194092,0.0,0.0002542627917136997
178,180224,0.038186416029930115,0.0,0.00027091073570773005
179,182272,0.02710404060781002,0.0,0.00016294862143695354
180,184320,0.030170463025569916,0.0,0.0002052947093034163
181,186368,0.009985562413930893,0.0,0.0002189801016356796
182,188416,0.01879154145717621,0.0,0.00017976519302465022
183,190464,0.019441397860646248,0.0,0.00018864205048885196
184,192512,0.014496272429823875,0.0,0.00017023237887769938
185,194560,0.014084141701459885,0.0,0.00021881057182326913
186,196608,0.008336969651281834,0.0,0.0003196022007614374
187,198656,-0.0007816873257979751,0.0,0.00026567213353700936
188,200704,-0.013255205005407333,0.0,0.0001598082744749263
189,202752,-0.0048057809472084045,0.0,0.0003744477580767125
190,204800,-0.020450031384825706,0.0,0.0001830339606385678
191,206848,-0.011833908967673779,0.0,0.0005103038274683058
192,208896,-0.02525869756937027,0.0,0.00017550938355270773
193,210944,-0.01755264401435852,0.0,0.0002890253090299666
194,212992,-0.0054700858891010284,0.0,0.00035668531199917197
195,215040,-0.017929865047335625,0.0,0.0002852288307622075
196,217088,-0.003796717617660761,0.0,0.0002627688809297979
197,219136,0.010659929364919662,0.0,0.00020816331380046904
198,221184,0.008915457874536514,0.0,0.00036858374369330704
199,223232,0.03199545666575432,0.0,0.0002749873965512961
